Year Published,PUMA,Borough,Neighborhoods,CD,Join,NYC_Poverty_Rate,Median_Income,Perc_White,Perc_Black,Perc_Asian,Perc_Other,Perc_Hispanic,Goal,GoalName,GoalFullName,TotalOutcome,GoalRank,IndexScore,ScoreRank,Ind1,Ind1Outcome,Ind1Rank,Ind1Definition,Ind2,Ind2Outcome,Ind2Rank,Ind2Definition,Ind3,Ind3Outcome,Ind3Rank,Ind3Definition,Ind4,Ind4Outcome,Ind4Rank,Ind4Definition,Ind5,Ind5Outcome,Ind5Rank,Ind5Definition,Ind6,Ind6Outcome,Ind6Rank,Ind6Definition,Ind7,Ind7Outcome,Ind7Rank,Ind7Definition,Ind8,Ind8Outcome,Ind8Rank,Ind8Definition
2020,3701,Bronx,Riverdale Fieldston & Kingsbridge,Bx Community District 8,3701,0.152,30437,0.324,0.124,0.052,0.023,0.477,Jobs & Income,Goal 3: Jobs & Income,Goal 3: Access To Quality Jobs & Income Supports,1.784643654,20,3.970855777,Middle,Job Training And Placement Support,0.0,37.0,Number Of Job Training And Placement Programs Per 10000 Unemployed Residents,Jobs With Health Insurance,0.521978874,17.0,Percentage Of The Population That Has Health Insurance Coverage Through Their Current Or Former Employer Or Through Their Union,Labor Force Participation,0.634,29.0,Percent Of The Non-Institutionalized People Age 16 Or Older Who Are Employed Or Looking For Work,Job Quality,37514.89063,19.0,Median Income Of Neighborhood Residents With 5 Or More Years Housing Tenure,Educational Attainment,0.776,19.0,Percentage Of High School Students Who Graduate On Time (Within 4 Years),Public Benefits Utilization,0.724,28.0,Percentage Of People Eligible For Snap Receiving The Benefit,Tax Credit Utilization,0.966,9.0,Percentage Of Eligible Tax Units Claiming Eitc,Adults With High School Diploma,0.845032397,21.0,Percentage Of Adults With A High School Degree Or Equivalent
2020,3702,Bronx,Wakefield Williamsbridge & Woodlawn,Bx Community District 12,3702,0.232,26136,0.069,0.655,0.026,0.023,0.226,Jobs & Income,Goal 3: Jobs & Income,Goal 3: Access To Quality Jobs & Income Supports,-0.122584629,25,3.535724348,Middle,Job Training And Placement Support,0.0,37.0,Number Of Job Training And Placement Programs Per 10000 Unemployed Residents,Jobs With Health Insurance,0.470863762,23.0,Percentage Of The Population That Has Health Insurance Coverage Through Their Current Or Former Employer Or Through Their Union,Labor Force Participation,0.64,27.0,Percent Of The Non-Institutionalized People Age 16 Or Older Who Are Employed Or Looking For Work,Job Quality,34257.99219,26.0,Median Income Of Neighborhood Residents With 5 Or More Years Housing Tenure,Educational Attainment,0.743,34.0,Percentage Of High School Students Who Graduate On Time (Within 4 Years),Public Benefits Utilization,0.904,10.0,Percentage Of People Eligible For Snap Receiving The Benefit,Tax Credit Utilization,0.955,16.0,Percentage Of Eligible Tax Units Claiming Eitc,Adults With High School Diploma,0.804814574,31.0,Percentage Of Adults With A High School Degree Or Equivalent
2020,3703,Bronx,Coop City Pelham Bay & Schuylerville,Bx Community District 10,3703,0.14,31573,0.293,0.285,0.03,0.022,0.371,Jobs & Income,Goal 3: Jobs & Income,Goal 3: Access To Quality Jobs & Income Supports,1.882331538,19,3.993143129,Middle,Job Training And Placement Support,0.0,37.0,Number Of Job Training And Placement Programs Per 10000 Unemployed Residents,Jobs With Health Insurance,0.58984726,13.0,Percentage Of The Population That Has Health Insurance Coverage Through Their Current Or Former Employer Or Through Their Union,Labor Force Participation,0.59,43.0,Percent Of The Non-Institutionalized People Age 16 Or Older Who Are Employed Or Looking For Work,Job Quality,43603.14063,9.0,Median Income Of Neighborhood Residents With 5 Or More Years Housing Tenure,Educational Attainment,0.753,30.0,Percentage Of High School Students Who Graduate On Time (Within 4 Years),Public Benefits Utilization,0.829,16.0,Percentage Of People Eligible For Snap Receiving The Benefit,Tax Credit Utilization,0.92,32.0,Percentage Of Eligible Tax Units Claiming Eitc,Adults With High School Diploma,0.833333333,25.0,Percentage Of Adults With A High School Degree Or Equivalent
2020,3704,Bronx,Pelham Parkway Morris Park & Laconia,Bx Community District 11,3704,0.205,25358,0.218,0.215,0.076,0.022,0.47,Jobs & Income,Goal 3: Jobs & Income,Goal 3: Access To Quality Jobs & Income Supports,-5.643407877,41,2.276156352,Bottom,Job Training And Placement Support,0.0,37.0,Number Of Job Training And Placement Programs Per 10000 Unemployed Residents,Jobs With Health Insurance,0.407148705,37.0,Percentage Of The Population That Has Health Insurance Coverage Through Their Current Or Former Employer Or Through Their Union,Labor Force Participation,0.626,34.0,Percent Of The Non-Institutionalized People Age 16 Or Older Who Are Employed Or Looking For Work,Job Quality,33792.96094,27.0,Median Income Of Neighborhood Residents With 5 Or More Years Housing Tenure,Educational Attainment,0.694,44.0,Percentage Of High School Students Who Graduate On Time (Within 4 Years),Public Benefits Utilization,0.663,36.0,Percentage Of People Eligible For Snap Receiving The Benefit,Tax Credit Utilization,0.932,27.0,Percentage Of Eligible Tax Units Claiming Eitc,Adults With High School Diploma,0.777478225,38.0,Percentage Of Adults With A High School Degree Or Equivalent
2020,3705,Bronx,Belmont Crotona Park East & East Tremont,Bx Community Districts 3 & 6,3705,0.308,14213,0.045,0.301,0.008,0.011,0.635,Jobs & Income,Goal 3: Jobs & Income,Goal 3: Access To Quality Jobs & Income Supports,-13.42262773,52,0.501338374,Bottom,Job Training And Placement Support,0.48831568,35.0,Number Of Job Training And Placement Programs Per 10000 Unemployed Residents,Jobs With Health Insurance,0.259700947,52.0,Percentage Of The Population That Has Health Insurance Coverage Through Their Current Or Former Employer Or Through Their Union,Labor Force Participation,0.551,52.0,Percent Of The Non-Institutionalized People Age 16 Or Older Who Are Employed Or Looking For Work,Job Quality,23255.00781,52.0,Median Income Of Neighborhood Residents With 5 Or More Years Housing Tenure,Educational Attainment,0.67,48.0,Percentage Of High School Students Who Graduate On Time (Within 4 Years),Public Benefits Utilization,0.931,5.0,Percentage Of People Eligible For Snap Receiving The Benefit,Tax Credit Utilization,0.932,27.0,Percentage Of Eligible Tax Units Claiming Eitc,Adults With High School Diploma,0.667015269,51.0,Percentage Of Adults With A High School Degree Or Equivalent
2020,3706,Bronx,Bedford Park Fordham North & Norwood,Bx Community District 7,3706,0.264,18674,0.066,0.154,0.061,0.022,0.696,Jobs & Income,Goal 3: Jobs & Income,Goal 3: Access To Quality Jobs & Income Supports,-4.952705869,37,2.433739036,Middle,Job Training And Placement Support,3.565264738,15.0,Number Of Job Training And Placement Programs Per 10000 Unemployed Residents,Jobs With Health Insurance,0.282616386,51.0,Percentage Of The Population That Has Health Insurance Coverage Through Their Current Or Former Employer Or Through Their Union,Labor Force Participation,0.646,22.0,Percent Of The Non-Institutionalized People Age 16 Or Older Who Are Employed Or Looking For Work,Job Quality,24816.70508,48.0,Median Income Of Neighborhood Residents With 5 Or More Years Housing Tenure,Educational Attainment,0.77,23.0,Percentage Of High School Students Who Graduate On Time (Within 4 Years),Public Benefits Utilization,0.913,9.0,Percentage Of People Eligible For Snap Receiving The Benefit,Tax Credit Utilization,0.95,18.0,Percentage Of Eligible Tax Units Claiming Eitc,Adults With High School Diploma,0.684615385,50.0,Percentage Of Adults With A High School Degree Or Equivalent
2020,3707,Bronx,Morris Heights Fordham South & Mount Hope,Bx Community District 5,3707,0.344,15628,0.013,0.274,0.015,0.011,0.688,Jobs & Income,Goal 3: Jobs & Income,Goal 3: Access To Quality Jobs & Income Supports,-9.635013527,50,1.365477184,Bottom,Job Training And Placement Support,2.162957195,23.0,Number Of Job Training And Placement Programs Per 10000 Unemployed Residents,Jobs With Health Insurance,0.224923172,55.0,Percentage Of The Population That Has Health Insurance Coverage Through Their Current Or Former Employer Or Through Their Union,Labor Force Participation,0.599,38.0,Percent Of The Non-Institutionalized People Age 16 Or Older Who Are Employed Or Looking For Work,Job Quality,21593.93555,55.0,Median Income Of Neighborhood Residents With 5 Or More Years Housing Tenure,Educational Attainment,0.753,30.0,Percentage Of High School Students Who Graduate On Time (Within 4 Years),Public Benefits Utilization,0.928,6.0,Percentage Of People Eligible For Snap Receiving The Benefit,Tax Credit Utilization,0.952,17.0,Percentage Of Eligible Tax Units Claiming Eitc,Adults With High School Diploma,0.652747845,53.0,Percentage Of Adults With A High School Degree Or Equivalent
2020,3708,Bronx,Concourse Highbridge & Mount Eden,Bx Community District 4,3708,0.323,16710,0.017,0.308,0.017,0.018,0.641,Jobs & Income,Goal 3: Jobs & Income,Goal 3: Access To Quality Jobs & Income Supports,-13.63572939,53,0.452719533,Bottom,Job Training And Placement Support,0.0,37.0,Number Of Job Training And Placement Programs Per 10000 Unemployed Residents,Jobs With Health Insurance,0.245916405,53.0,Percentage Of The Population That Has Health Insurance Coverage Through Their Current Or Former Employer Or Through Their Union,Labor Force Participation,0.584,45.0,Percent Of The Non-Institutionalized People Age 16 Or Older Who Are Employed Or Looking For Work,Job Quality,22176.63086,54.0,Median Income Of Neighborhood Residents With 5 Or More Years Housing Tenure,Educational Attainment,0.654,51.0,Percentage Of High School Students Who Graduate On Time (Within 4 Years),Public Benefits Utilization,0.914,8.0,Percentage Of People Eligible For Snap Receiving The Benefit,Tax Credit Utilization,0.918,34.0,Percentage Of Eligible Tax Units Claiming Eitc,Adults With High School Diploma,0.666164961,52.0,Percentage Of Adults With A High School Degree Or Equivalent
2020,3709,Bronx,Castle Hill Clason Point & Parkchester,Bx Community District 9,3709,0.264,20300,0.028,0.288,0.071,0.029,0.584,Jobs & Income,Goal 3: Jobs & Income,Goal 3: Access To Quality Jobs & Income Supports,-11.06134231,51,1.040062293,Bottom,Job Training And Placement Support,0.509120745,34.0,Number Of Job Training And Placement Programs Per 10000 Unemployed Residents,Jobs With Health Insurance,0.36129425,44.0,Percentage Of The Population That Has Health Insurance Coverage Through Their Current Or Former Employer Or Through Their Union,Labor Force Participation,0.599,38.0,Percent Of The Non-Institutionalized People Age 16 Or Older Who Are Employed Or Looking For Work,Job Quality,28313.22266,42.0,Median Income Of Neighborhood Residents With 5 Or More Years Housing Tenure,Educational Attainment,0.604,54.0,Percentage Of High School Students Who Graduate On Time (Within 4 Years),Public Benefits Utilization,0.771,23.0,Percentage Of People Eligible For Snap Receiving The Benefit,Tax Credit Utilization,0.947,20.0,Percentage Of Eligible Tax Units Claiming Eitc,Adults With High School Diploma,0.697910448,49.0,Percentage Of Adults With A High School Degree Or Equivalent
2020,3710,Bronx,Hunts Point Longwood & Melrose,Bx Community Districts 1 & 2,3710,0.293,15510,0.016,0.282,0.008,0.012,0.682,Jobs & Income,Goal 3: Jobs & Income,Goal 3: Access To Quality Jobs & Income Supports,-15.62004824,55,0.0,Bottom,Job Training And Placement Support,7.564405757,6.0,Number Of Job Training And Placement Programs Per 10000 Unemployed Residents,Jobs With Health Insurance,0.23116024,54.0,Percentage Of The Population That Has Health Insurance Coverage Through Their Current Or Former Employer Or Through Their Union,Labor Force Participation,0.499,55.0,Percent Of The Non-Institutionalized People Age 16 Or Older Who Are Employed Or Looking For Work,Job Quality,22320.6543,53.0,Median Income Of Neighborhood Residents With 5 Or More Years Housing Tenure,Educational Attainment,0.64,52.0,Percentage Of High School Students Who Graduate On Time (Within 4 Years),Public Benefits Utilization,0.898,11.0,Percentage Of People Eligible For Snap Receiving The Benefit,Tax Credit Utilization,0.93,29.0,Percentage Of Eligible Tax Units Claiming Eitc,Adults With High School Diploma,0.600852878,55.0,Percentage Of Adults With A High School Degree Or Equivalent
2020,3801,Manhattan,Washington Heights Inwood & Marble Hill,Mn Community District 12,3801,0.199,20421,0.178,0.078,0.027,0.015,0.701,Jobs & Income,Goal 3: Jobs & Income,Goal 3: Access To Quality Jobs & Income Supports,-6.70878388,47,2.033092328,Bottom,Job Training And Placement Support,0.904106815,31.0,Number Of Job Training And Placement Programs Per 10000 Unemployed Residents,Jobs With Health Insurance,0.366068192,43.0,Percentage Of The Population That Has Health Insurance Coverage Through Their Current Or Former Employer Or Through Their Union,Labor Force Participation,0.655,15.0,Percent Of The Non-Institutionalized People Age 16 Or Older Who Are Employed Or Looking For Work,Job Quality,23760.67578,50.0,Median Income Of Neighborhood Residents With 5 Or More Years Housing Tenure,Educational Attainment,0.693,45.0,Percentage Of High School Students Who Graduate On Time (Within 4 Years),Public Benefits Utilization,0.811,19.0,Percentage Of People Eligible For Snap Receiving The Benefit,Tax Credit Utilization,0.886,46.0,Percentage Of Eligible Tax Units Claiming Eitc,Adults With High School Diploma,0.755888651,43.0,Percentage Of Adults With A High School Degree Or Equivalent
2020,3802,Manhattan,Hamilton Heights Manhattanville & West Harlem,Mn Community District 9,3802,0.235,24561,0.286,0.215,0.083,0.037,0.379,Jobs & Income,Goal 3: Jobs & Income,Goal 3: Access To Quality Jobs & Income Supports,-3.3288096,33,2.804228667,Middle,Job Training And Placement Support,9.580183582,5.0,Number Of Job Training And Placement Programs Per 10000 Unemployed Residents,Jobs With Health Insurance,0.460466309,26.0,Percentage Of The Population That Has Health Insurance Coverage Through Their Current Or Former Employer Or Through Their Union,Labor Force Participation,0.599,38.0,Percent Of The Non-Institutionalized People Age 16 Or Older Who Are Employed Or Looking For Work,Job Quality,27303.87109,43.0,Median Income Of Neighborhood Residents With 5 Or More Years Housing Tenure,Educational Attainment,0.667,50.0,Percentage Of High School Students Who Graduate On Time (Within 4 Years),Public Benefits Utilization,0.658,39.0,Percentage Of People Eligible For Snap Receiving The Benefit,Tax Credit Utilization,0.918,34.0,Percentage Of Eligible Tax Units Claiming Eitc,Adults With High School Diploma,0.858276644,16.0,Percentage Of Adults With A High School Degree Or Equivalent
2020,3803,Manhattan,Central Harlem,Mn Community District 10,3803,0.211,26075,0.131,0.571,0.032,0.032,0.236,Jobs & Income,Goal 3: Jobs & Income,Goal 3: Access To Quality Jobs & Income Supports,-3.640606759,34,2.733092588,Middle,Job Training And Placement Support,0.0,37.0,Number Of Job Training And Placement Programs Per 10000 Unemployed Residents,Jobs With Health Insurance,0.459538002,27.0,Percentage Of The Population That Has Health Insurance Coverage Through Their Current Or Former Employer Or Through Their Union,Labor Force Participation,0.643,26.0,Percent Of The Non-Institutionalized People Age 16 Or Older Who Are Employed Or Looking For Work,Job Quality,30522.19727,37.0,Median Income Of Neighborhood Residents With 5 Or More Years Housing Tenure,Educational Attainment,0.693,45.0,Percentage Of High School Students Who Graduate On Time (Within 4 Years),Public Benefits Utilization,0.779,22.0,Percentage Of People Eligible For Snap Receiving The Benefit,Tax Credit Utilization,0.89,44.0,Percentage Of Eligible Tax Units Claiming Eitc,Adults With High School Diploma,0.827476038,27.0,Percentage Of Adults With A High School Degree Or Equivalent
2020,3804,Manhattan,East Harlem,Mn Community District 11,3804,0.231,19510,0.152,0.298,0.075,0.023,0.452,Jobs & Income,Goal 3: Jobs & Income,Goal 3: Access To Quality Jobs & Income Supports,-3.262488113,32,2.81935982,Middle,Job Training And Placement Support,7.545887011,7.0,Number Of Job Training And Placement Programs Per 10000 Unemployed Residents,Jobs With Health Insurance,0.375916176,42.0,Percentage Of The Population That Has Health Insurance Coverage Through Their Current Or Former Employer Or Through Their Union,Labor Force Participation,0.552,51.0,Percent Of The Non-Institutionalized People Age 16 Or Older Who Are Employed Or Looking For Work,Job Quality,26580.89258,44.0,Median Income Of Neighborhood Residents With 5 Or More Years Housing Tenure,Educational Attainment,0.782,18.0,Percentage Of High School Students Who Graduate On Time (Within 4 Years),Public Benefits Utilization,0.939,4.0,Percentage Of People Eligible For Snap Receiving The Benefit,Tax Credit Utilization,0.95,18.0,Percentage Of Eligible Tax Units Claiming Eitc,Adults With High School Diploma,0.76140242,41.0,Percentage Of Adults With A High School Degree Or Equivalent
2020,3805,Manhattan,Upper East Side,Mn Community District 8,3805,0.073,71933,0.761,0.028,0.093,0.028,0.09,Jobs & Income,Goal 3: Jobs & Income,Goal 3: Access To Quality Jobs & Income Supports,13.43156172,5,6.628083617,Top,Job Training And Placement Support,6.852106598,9.0,Number Of Job Training And Placement Programs Per 10000 Unemployed Residents,Jobs With Health Insurance,0.739902725,1.0,Percentage Of The Population That Has Health Insurance Coverage Through Their Current Or Former Employer Or Through Their Union,Labor Force Participation,0.713,5.0,Percent Of The Non-Institutionalized People Age 16 Or Older Who Are Employed Or Looking For Work,Job Quality,79085.44531,2.0,Median Income Of Neighborhood Residents With 5 Or More Years Housing Tenure,Educational Attainment,0.785,16.0,Percentage Of High School Students Who Graduate On Time (Within 4 Years),Public Benefits Utilization,0.354,54.0,Percentage Of People Eligible For Snap Receiving The Benefit,Tax Credit Utilization,0.64,54.0,Percentage Of Eligible Tax Units Claiming Eitc,Adults With High School Diploma,0.967748918,1.0,Percentage Of Adults With A High School Degree Or Equivalent
2020,3806,Manhattan,Upper West Side & West Side,Mn Community District 7,3806,0.09,65844,0.677,0.06,0.092,0.026,0.144,Jobs & Income,Goal 3: Jobs & Income,Goal 3: Access To Quality Jobs & Income Supports,10.21972534,7,5.895307704,Top,Job Training And Placement Support,1.131686172,28.0,Number Of Job Training And Placement Programs Per 10000 Unemployed Residents,Jobs With Health Insurance,0.682947769,6.0,Percentage Of The Population That Has Health Insurance Coverage Through Their Current Or Former Employer Or Through Their Union,Labor Force Participation,0.7,7.0,Percent Of The Non-Institutionalized People Age 16 Or Older Who Are Employed Or Looking For Work,Job Quality,62290.19922,4.0,Median Income Of Neighborhood Residents With 5 Or More Years Housing Tenure,Educational Attainment,0.769,24.0,Percentage Of High School Students Who Graduate On Time (Within 4 Years),Public Benefits Utilization,0.817,18.0,Percentage Of People Eligible For Snap Receiving The Benefit,Tax Credit Utilization,0.711,52.0,Percentage Of Eligible Tax Units Claiming Eitc,Adults With High School Diploma,0.945440169,5.0,Percentage Of Adults With A High School Degree Or Equivalent
2020,3807,Manhattan,Chelsea Clinton & Midtown Business District,Mn Community Districts 4 & 5,3807,0.108,65905,0.609,0.054,0.162,0.028,0.146,Jobs & Income,Goal 3: Jobs & Income,Goal 3: Access To Quality Jobs & Income Supports,24.88328051,2,9.240777022,Top,Job Training And Placement Support,38.98550573,2.0,Number Of Job Training And Placement Programs Per 10000 Unemployed Residents,Jobs With Health Insurance,0.682070236,7.0,Percentage Of The Population That Has Health Insurance Coverage Through Their Current Or Former Employer Or Through Their Union,Labor Force Participation,0.759,2.0,Percent Of The Non-Institutionalized People Age 16 Or Older Who Are Employed Or Looking For Work,Job Quality,58137.51953,5.0,Median Income Of Neighborhood Residents With 5 Or More Years Housing Tenure,Educational Attainment,0.712,41.0,Percentage Of High School Students Who Graduate On Time (Within 4 Years),Public Benefits Utilization,0.827,17.0,Percentage Of People Eligible For Snap Receiving The Benefit,Tax Credit Utilization,0.896,41.0,Percentage Of Eligible Tax Units Claiming Eitc,Adults With High School Diploma,0.946549391,4.0,Percentage Of Adults With A High School Degree Or Equivalent
2020,3808,Manhattan,Murray Hill Gramercy & Stuyvesant Town,Mn Community District 6,3808,0.1,73067,0.694,0.032,0.158,0.029,0.087,Jobs & Income,Goal 3: Jobs & Income,Goal 3: Access To Quality Jobs & Income Supports,22.89771809,3,8.787773771,Top,Job Training And Placement Support,35.09655843,3.0,Number Of Job Training And Placement Programs Per 10000 Unemployed Residents,Jobs With Health Insurance,0.715449295,4.0,Percentage Of The Population That Has Health Insurance Coverage Through Their Current Or Former Employer Or Through Their Union,Labor Force Participation,0.734,4.0,Percent Of The Non-Institutionalized People Age 16 Or Older Who Are Employed Or Looking For Work,Job Quality,79202.25,1.0,Median Income Of Neighborhood Residents With 5 Or More Years Housing Tenure,Educational Attainment,0.751,32.0,Percentage Of High School Students Who Graduate On Time (Within 4 Years),Public Benefits Utilization,0.448,51.0,Percentage Of People Eligible For Snap Receiving The Benefit,Tax Credit Utilization,0.674,53.0,Percentage Of Eligible Tax Units Claiming Eitc,Adults With High School Diploma,0.960778258,2.0,Percentage Of Adults With A High School Degree Or Equivalent
2020,3809,Manhattan,Chinatown & Lower East Side,Mn Community District 3,3809,0.18,25667,0.331,0.079,0.311,0.031,0.249,Jobs & Income,Goal 3: Jobs & Income,Goal 3: Access To Quality Jobs & Income Supports,-5.84325358,43,2.230561839,Bottom,Job Training And Placement Support,4.558204257,12.0,Number Of Job Training And Placement Programs Per 10000 Unemployed Residents,Jobs With Health Insurance,0.410775375,36.0,Percentage Of The Population That Has Health Insurance Coverage Through Their Current Or Former Employer Or Through Their Union,Labor Force Participation,0.592,41.0,Percent Of The Non-Institutionalized People Age 16 Or Older Who Are Employed Or Looking For Work,Job Quality,29568.83984,40.0,Median Income Of Neighborhood Residents With 5 Or More Years Housing Tenure,Educational Attainment,0.681,47.0,Percentage Of High School Students Who Graduate On Time (Within 4 Years),Public Benefits Utilization,0.806,20.0,Percentage Of People Eligible For Snap Receiving The Benefit,Tax Credit Utilization,0.895,42.0,Percentage Of Eligible Tax Units Claiming Eitc,Adults With High School Diploma,0.782731011,36.0,Percentage Of Adults With A High School Degree Or Equivalent
2020,3810,Manhattan,Battery Park City Greenwich Village & Soho,Mn Community Districts 1 & 2,3810,0.088,79181,0.716,0.022,0.159,0.032,0.07,Jobs & Income,Goal 3: Jobs & Income,Goal 3: Access To Quality Jobs & Income Supports,28.21103723,1,10.0,Top,Job Training And Placement Support,44.90733544,1.0,Number Of Job Training And Placement Programs Per 10000 Unemployed Residents,Jobs With Health Insurance,0.721667862,3.0,Percentage Of The Population That Has Health Insurance Coverage Through Their Current Or Former Employer Or Through Their Union,Labor Force Participation,0.748,3.0,Percent Of The Non-Institutionalized People Age 16 Or Older Who Are Employed Or Looking For Work,Job Quality,68641.95313,3.0,Median Income Of Neighborhood Residents With 5 Or More Years Housing Tenure,Educational Attainment,0.76,27.0,Percentage Of High School Students Who Graduate On Time (Within 4 Years),Public Benefits Utilization,0.518,48.0,Percentage Of People Eligible For Snap Receiving The Benefit,Tax Credit Utilization,0.862,49.0,Percentage Of Eligible Tax Units Claiming Eitc,Adults With High School Diploma,0.960543338,3.0,Percentage Of Adults With A High School Degree Or Equivalent
2020,3902,Staten Island,New Springville & South Beach,Si Community District 2,3902,0.144,35413,0.683,0.037,0.125,0.019,0.136,Jobs & Income,Goal 3: Jobs & Income,Goal 3: Access To Quality Jobs & Income Supports,4.486995639,12,4.58739355,Top,Job Training And Placement Support,3.070137129,18.0,Number Of Job Training And Placement Programs Per 10000 Unemployed Residents,Jobs With Health Insurance,0.618500519,8.0,Percentage Of The Population That Has Health Insurance Coverage Through Their Current Or Former Employer Or Through Their Union,Labor Force Participation,0.578,48.0,Percent Of The Non-Institutionalized People Age 16 Or Older Who Are Employed Or Looking For Work,Job Quality,42318.69531,12.0,Median Income Of Neighborhood Residents With 5 Or More Years Housing Tenure,Educational Attainment,0.833,5.0,Percentage Of High School Students Who Graduate On Time (Within 4 Years),Public Benefits Utilization,0.66,38.0,Percentage Of People Eligible For Snap Receiving The Benefit,Tax Credit Utilization,0.895,42.0,Percentage Of Eligible Tax Units Claiming Eitc,Adults With High School Diploma,0.880255565,11.0,Percentage Of Adults With A High School Degree Or Equivalent
2020,3903,Staten Island,Port Richmond Stapleton & Mariners Harbor,Si Community District 1,3903,0.212,31347,0.381,0.221,0.075,0.031,0.293,Jobs & Income,Goal 3: Jobs & Income,Goal 3: Access To Quality Jobs & Income Supports,3.178790875,15,4.288928488,Top,Job Training And Placement Support,3.307000059,17.0,Number Of Job Training And Placement Programs Per 10000 Unemployed Residents,Jobs With Health Insurance,0.554555359,15.0,Percentage Of The Population That Has Health Insurance Coverage Through Their Current Or Former Employer Or Through Their Union,Labor Force Participation,0.578,48.0,Percent Of The Non-Institutionalized People Age 16 Or Older Who Are Employed Or Looking For Work,Job Quality,42241.19922,13.0,Median Income Of Neighborhood Residents With 5 Or More Years Housing Tenure,Educational Attainment,0.774,20.0,Percentage Of High School Students Who Graduate On Time (Within 4 Years),Public Benefits Utilization,0.854,13.0,Percentage Of People Eligible For Snap Receiving The Benefit,Tax Credit Utilization,0.964,11.0,Percentage Of Eligible Tax Units Claiming Eitc,Adults With High School Diploma,0.858454106,15.0,Percentage Of Adults With A High School Degree Or Equivalent
2020,4001,Brooklyn,Greenpoint & Williamsburg,Bk Community District 1,4001,0.173,35889,0.631,0.042,0.073,0.021,0.233,Jobs & Income,Goal 3: Jobs & Income,Goal 3: Access To Quality Jobs & Income Supports,3.603248307,14,4.385767849,Top,Job Training And Placement Support,1.275052551,26.0,Number Of Job Training And Placement Programs Per 10000 Unemployed Residents,Jobs With Health Insurance,0.453637199,28.0,Percentage Of The Population That Has Health Insurance Coverage Through Their Current Or Former Employer Or Through Their Union,Labor Force Participation,0.696,8.0,Percent Of The Non-Institutionalized People Age 16 Or Older Who Are Employed Or Looking For Work,Job Quality,32390.9043,30.0,Median Income Of Neighborhood Residents With 5 Or More Years Housing Tenure,Educational Attainment,0.786,15.0,Percentage Of High School Students Who Graduate On Time (Within 4 Years),Public Benefits Utilization,0.956,2.0,Percentage Of People Eligible For Snap Receiving The Benefit,Tax Credit Utilization,0.946,21.0,Percentage Of Eligible Tax Units Claiming Eitc,Adults With High School Diploma,0.845691383,19.0,Percentage Of Adults With A High School Degree Or Equivalent
2020,4002,Brooklyn,Bushwick,Bk Community District 4,4002,0.251,22264,0.148,0.183,0.048,0.016,0.605,Jobs & Income,Goal 3: Jobs & Income,Goal 3: Access To Quality Jobs & Income Supports,-5.823390744,42,2.235093517,Bottom,Job Training And Placement Support,0.0,37.0,Number Of Job Training And Placement Programs Per 10000 Unemployed Residents,Jobs With Health Insurance,0.319688187,47.0,Percentage Of The Population That Has Health Insurance Coverage Through Their Current Or Former Employer Or Through Their Union,Labor Force Participation,0.692,10.0,Percent Of The Non-Institutionalized People Age 16 Or Older Who Are Employed Or Looking For Work,Job Quality,25660.78516,45.0,Median Income Of Neighborhood Residents With 5 Or More Years Housing Tenure,Educational Attainment,0.734,36.0,Percentage Of High School Students Who Graduate On Time (Within 4 Years),Public Benefits Utilization,0.723,29.0,Percentage Of People Eligible For Snap Receiving The Benefit,Tax Credit Utilization,0.916,38.0,Percentage Of Eligible Tax Units Claiming Eitc,Adults With High School Diploma,0.715784565,47.0,Percentage Of Adults With A High School Degree Or Equivalent
2020,4003,Brooklyn,Bedford Stuyvesant,Bk Community District 3,4003,0.226,24627,0.231,0.53,0.032,0.02,0.188,Jobs & Income,Goal 3: Jobs & Income,Goal 3: Access To Quality Jobs & Income Supports,-4.219517491,36,2.601014925,Middle,Job Training And Placement Support,3.584537738,13.0,Number Of Job Training And Placement Programs Per 10000 Unemployed Residents,Jobs With Health Insurance,0.389457397,39.0,Percentage Of The Population That Has Health Insurance Coverage Through Their Current Or Former Employer Or Through Their Union,Labor Force Participation,0.648,20.0,Percent Of The Non-Institutionalized People Age 16 Or Older Who Are Employed Or Looking For Work,Job Quality,30670.25977,34.0,Median Income Of Neighborhood Residents With 5 Or More Years Housing Tenure,Educational Attainment,0.668,49.0,Percentage Of High School Students Who Graduate On Time (Within 4 Years),Public Benefits Utilization,0.927,7.0,Percentage Of People Eligible For Snap Receiving The Benefit,Tax Credit Utilization,0.882,47.0,Percentage Of Eligible Tax Units Claiming Eitc,Adults With High School Diploma,0.786991506,35.0,Percentage Of Adults With A High School Degree Or Equivalent
2020,4004,Brooklyn,Brooklyn Heights & Fort Greene,Bk Community District 2,4004,0.121,44313,0.447,0.261,0.092,0.042,0.158,Jobs & Income,Goal 3: Jobs & Income,Goal 3: Access To Quality Jobs & Income Supports,12.62642812,6,6.44439353,Top,Job Training And Placement Support,16.63950729,4.0,Number Of Job Training And Placement Programs Per 10000 Unemployed Residents,Jobs With Health Insurance,0.596249809,11.0,Percentage Of The Population That Has Health Insurance Coverage Through Their Current Or Former Employer Or Through Their Union,Labor Force Participation,0.695,9.0,Percent Of The Non-Institutionalized People Age 16 Or Older Who Are Employed Or Looking For Work,Job Quality,42938.36328,10.0,Median Income Of Neighborhood Residents With 5 Or More Years Housing Tenure,Educational Attainment,0.812,11.0,Percentage Of High School Students Who Graduate On Time (Within 4 Years),Public Benefits Utilization,0.603,42.0,Percentage Of People Eligible For Snap Receiving The Benefit,Tax Credit Utilization,0.943,22.0,Percentage Of Eligible Tax Units Claiming Eitc,Adults With High School Diploma,0.899602557,9.0,Percentage Of Adults With A High School Degree Or Equivalent
2020,4005,Brooklyn,Park Slope Carroll Gardens & Red Hook,Bk Community District 6,4005,0.095,57393,0.646,0.068,0.064,0.047,0.175,Jobs & Income,Goal 3: Jobs & Income,Goal 3: Access To Quality Jobs & Income Supports,15.94120257,4,7.20065462,Top,Job Training And Placement Support,3.567641775,14.0,Number Of Job Training And Placement Programs Per 10000 Unemployed Residents,Jobs With Health Insurance,0.687307129,5.0,Percentage Of The Population That Has Health Insurance Coverage Through Their Current Or Former Employer Or Through Their Union,Labor Force Participation,0.763,1.0,Percent Of The Non-Institutionalized People Age 16 Or Older Who Are Employed Or Looking For Work,Job Quality,57432.51563,6.0,Median Income Of Neighborhood Residents With 5 Or More Years Housing Tenure,Educational Attainment,0.82,8.0,Percentage Of High School Students Who Graduate On Time (Within 4 Years),Public Benefits Utilization,0.847,14.0,Percentage Of People Eligible For Snap Receiving The Benefit,Tax Credit Utilization,0.857,50.0,Percentage Of Eligible Tax Units Claiming Eitc,Adults With High School Diploma,0.925843199,6.0,Percentage Of Adults With A High School Degree Or Equivalent
2020,4006,Brooklyn,Crown Heights North & Prospect Heights,Bk Community District 8,4006,0.214,29895,0.213,0.593,0.037,0.034,0.122,Jobs & Income,Goal 3: Jobs & Income,Goal 3: Access To Quality Jobs & Income Supports,1.71826168,21,3.955710823,Middle,Job Training And Placement Support,2.20576428,22.0,Number Of Job Training And Placement Programs Per 10000 Unemployed Residents,Jobs With Health Insurance,0.463084297,25.0,Percentage Of The Population That Has Health Insurance Coverage Through Their Current Or Former Employer Or Through Their Union,Labor Force Participation,0.66,13.0,Percent Of The Non-Institutionalized People Age 16 Or Older Who Are Employed Or Looking For Work,Job Quality,33792.96094,27.0,Median Income Of Neighborhood Residents With 5 Or More Years Housing Tenure,Educational Attainment,0.822,7.0,Percentage Of High School Students Who Graduate On Time (Within 4 Years),Public Benefits Utilization,0.662,37.0,Percentage Of People Eligible For Snap Receiving The Benefit,Tax Credit Utilization,0.917,36.0,Percentage Of Eligible Tax Units Claiming Eitc,Adults With High School Diploma,0.825418674,28.0,Percentage Of Adults With A High School Degree Or Equivalent
2020,4007,Brooklyn,Brownsville & Ocean Hill,Bk Community District 16,4007,0.282,19274,0.021,0.742,0.015,0.012,0.211,Jobs & Income,Goal 3: Jobs & Income,Goal 3: Access To Quality Jobs & Income Supports,-14.85040208,54,0.175593681,Bottom,Job Training And Placement Support,0.77322549,32.0,Number Of Job Training And Placement Programs Per 10000 Unemployed Residents,Jobs With Health Insurance,0.331464539,45.0,Percentage Of The Population That Has Health Insurance Coverage Through Their Current Or Former Employer Or Through Their Union,Labor Force Participation,0.549,53.0,Percent Of The Non-Institutionalized People Age 16 Or Older Who Are Employed Or Looking For Work,Job Quality,29568.83984,40.0,Median Income Of Neighborhood Residents With 5 Or More Years Housing Tenure,Educational Attainment,0.559,55.0,Percentage Of High School Students Who Graduate On Time (Within 4 Years),Public Benefits Utilization,0.709,32.0,Percentage Of People Eligible For Snap Receiving The Benefit,Tax Credit Utilization,0.924,31.0,Percentage Of Eligible Tax Units Claiming Eitc,Adults With High School Diploma,0.731347363,45.0,Percentage Of Adults With A High School Degree Or Equivalent
2020,4008,Brooklyn,East New York & Starrett City,Bk Community District 5,4008,0.298,22796,0.038,0.522,0.045,0.024,0.371,Jobs & Income,Goal 3: Jobs & Income,Goal 3: Access To Quality Jobs & Income Supports,-6.401694518,45,2.103154331,Bottom,Job Training And Placement Support,2.481907309,20.0,Number Of Job Training And Placement Programs Per 10000 Unemployed Residents,Jobs With Health Insurance,0.431593208,33.0,Percentage Of The Population That Has Health Insurance Coverage Through Their Current Or Former Employer Or Through Their Union,Labor Force Participation,0.568,50.0,Percent Of The Non-Institutionalized People Age 16 Or Older Who Are Employed Or Looking For Work,Job Quality,30670.25977,34.0,Median Income Of Neighborhood Residents With 5 Or More Years Housing Tenure,Educational Attainment,0.632,53.0,Percentage Of High School Students Who Graduate On Time (Within 4 Years),Public Benefits Utilization,0.961,1.0,Percentage Of People Eligible For Snap Receiving The Benefit,Tax Credit Utilization,0.997,1.0,Percentage Of Eligible Tax Units Claiming Eitc,Adults With High School Diploma,0.747740819,44.0,Percentage Of Adults With A High School Degree Or Equivalent
2020,4009,Brooklyn,Canarsie & Flatlands,Bk Community District 18,4009,0.15,32210,0.23,0.63,0.044,0.017,0.08,Jobs & Income,Goal 3: Jobs & Income,Goal 3: Access To Quality Jobs & Income Supports,3.923156414,13,4.458754431,Top,Job Training And Placement Support,0.0,37.0,Number Of Job Training And Placement Programs Per 10000 Unemployed Residents,Jobs With Health Insurance,0.586457863,14.0,Percentage Of The Population That Has Health Insurance Coverage Through Their Current Or Former Employer Or Through Their Union,Labor Force Participation,0.649,19.0,Percent Of The Non-Institutionalized People Age 16 Or Older Who Are Employed Or Looking For Work,Job Quality,40129.14063,16.0,Median Income Of Neighborhood Residents With 5 Or More Years Housing Tenure,Educational Attainment,0.764,25.0,Percentage Of High School Students Who Graduate On Time (Within 4 Years),Public Benefits Utilization,0.71,31.0,Percentage Of People Eligible For Snap Receiving The Benefit,Tax Credit Utilization,0.961,13.0,Percentage Of Eligible Tax Units Claiming Eitc,Adults With High School Diploma,0.868835034,12.0,Percentage Of Adults With A High School Degree Or Equivalent
2020,4010,Brooklyn,East Flatbush Farragut & Rugby,Bk Community District 17,4010,0.19,27248,0.022,0.873,0.014,0.017,0.074,Jobs & Income,Goal 3: Jobs & Income,Goal 3: Access To Quality Jobs & Income Supports,-0.151063234,26,3.529226995,Middle,Job Training And Placement Support,0.0,37.0,Number Of Job Training And Placement Programs Per 10000 Unemployed Residents,Jobs With Health Insurance,0.463736343,24.0,Percentage Of The Population That Has Health Insurance Coverage Through Their Current Or Former Employer Or Through Their Union,Labor Force Participation,0.622,35.0,Percent Of The Non-Institutionalized People Age 16 Or Older Who Are Employed Or Looking For Work,Job Quality,35265.57813,22.0,Median Income Of Neighborhood Residents With 5 Or More Years Housing Tenure,Educational Attainment,0.732,37.0,Percentage Of High School Students Who Graduate On Time (Within 4 Years),Public Benefits Utilization,0.951,3.0,Percentage Of People Eligible For Snap Receiving The Benefit,Tax Credit Utilization,0.968,8.0,Percentage Of Eligible Tax Units Claiming Eitc,Adults With High School Diploma,0.847326807,18.0,Percentage Of Adults With A High School Degree Or Equivalent
2020,4011,Brooklyn,Crown Heights South Prospect Lefferts & Wingate,Bk Community District 9,4011,0.221,26140,0.198,0.663,0.018,0.025,0.096,Jobs & Income,Goal 3: Jobs & Income,Goal 3: Access To Quality Jobs & Income Supports,-3.706926251,35,2.71796189,Middle,Job Training And Placement Support,0.0,37.0,Number Of Job Training And Placement Programs Per 10000 Unemployed Residents,Jobs With Health Insurance,0.402723351,38.0,Percentage Of The Population That Has Health Insurance Coverage Through Their Current Or Former Employer Or Through Their Union,Labor Force Participation,0.647,21.0,Percent Of The Non-Institutionalized People Age 16 Or Older Who Are Employed Or Looking For Work,Job Quality,30670.25977,34.0,Median Income Of Neighborhood Residents With 5 Or More Years Housing Tenure,Educational Attainment,0.697,43.0,Percentage Of High School Students Who Graduate On Time (Within 4 Years),Public Benefits Utilization,0.736,27.0,Percentage Of People Eligible For Snap Receiving The Benefit,Tax Credit Utilization,0.972,6.0,Percentage Of Eligible Tax Units Claiming Eitc,Adults With High School Diploma,0.83920769,23.0,Percentage Of Adults With A High School Degree Or Equivalent
2020,4012,Brooklyn,Sunset Park & Windsor Terrace,Bk Community District 7,4012,0.294,20787,0.223,0.026,0.324,0.016,0.412,Jobs & Income,Goal 3: Jobs & Income,Goal 3: Access To Quality Jobs & Income Supports,-6.106290891,44,2.170550249,Bottom,Job Training And Placement Support,5.510116077,10.0,Number Of Job Training And Placement Programs Per 10000 Unemployed Residents,Jobs With Health Insurance,0.311041451,48.0,Percentage Of The Population That Has Health Insurance Coverage Through Their Current Or Former Employer Or Through Their Union,Labor Force Participation,0.659,14.0,Percent Of The Non-Institutionalized People Age 16 Or Older Who Are Employed Or Looking For Work,Job Quality,25189.69922,46.0,Median Income Of Neighborhood Residents With 5 Or More Years Housing Tenure,Educational Attainment,0.76,27.0,Percentage Of High School Students Who Graduate On Time (Within 4 Years),Public Benefits Utilization,0.497,50.0,Percentage Of People Eligible For Snap Receiving The Benefit,Tax Credit Utilization,0.976,4.0,Percentage Of Eligible Tax Units Claiming Eitc,Adults With High School Diploma,0.647192716,54.0,Percentage Of Adults With A High School Degree Or Equivalent
2020,4013,Brooklyn,Bay Ridge & Dyker Heights,Bk Community District 10,4013,0.19,30858,0.573,0.015,0.24,0.018,0.154,Jobs & Income,Goal 3: Jobs & Income,Goal 3: Access To Quality Jobs & Income Supports,-1.12965295,29,3.305963139,Middle,Job Training And Placement Support,0.0,37.0,Number Of Job Training And Placement Programs Per 10000 Unemployed Residents,Jobs With Health Insurance,0.507663994,19.0,Percentage Of The Population That Has Health Insurance Coverage Through Their Current Or Former Employer Or Through Their Union,Labor Force Participation,0.63,30.0,Percent Of The Non-Institutionalized People Age 16 Or Older Who Are Employed Or Looking For Work,Job Quality,40893.67969,14.0,Median Income Of Neighborhood Residents With 5 Or More Years Housing Tenure,Educational Attainment,0.718,40.0,Percentage Of High School Students Who Graduate On Time (Within 4 Years),Public Benefits Utilization,0.542,47.0,Percentage Of People Eligible For Snap Receiving The Benefit,Tax Credit Utilization,0.966,9.0,Percentage Of Eligible Tax Units Claiming Eitc,Adults With High School Diploma,0.833446866,24.0,Percentage Of Adults With A High School Degree Or Equivalent
2020,4014,Brooklyn,Borough Park Kensington & Ocean Parkway,Bk Community District 12,4014,0.283,21103,0.707,0.023,0.14,0.02,0.109,Jobs & Income,Goal 3: Jobs & Income,Goal 3: Access To Quality Jobs & Income Supports,-8.337907097,49,1.661410176,Bottom,Job Training And Placement Support,0.0,37.0,Number Of Job Training And Placement Programs Per 10000 Unemployed Residents,Jobs With Health Insurance,0.30351656,50.0,Percentage Of The Population That Has Health Insurance Coverage Through Their Current Or Former Employer Or Through Their Union,Labor Force Participation,0.589,44.0,Percent Of The Non-Institutionalized People Age 16 Or Older Who Are Employed Or Looking For Work,Job Quality,23513.86523,51.0,Median Income Of Neighborhood Residents With 5 Or More Years Housing Tenure,Educational Attainment,0.721,39.0,Percentage Of High School Students Who Graduate On Time (Within 4 Years),Public Benefits Utilization,0.893,12.0,Percentage Of People Eligible For Snap Receiving The Benefit,Tax Credit Utilization,0.958,15.0,Percentage Of Eligible Tax Units Claiming Eitc,Adults With High School Diploma,0.774754985,40.0,Percentage Of Adults With A High School Degree Or Equivalent
2020,4015,Brooklyn,Flatbush & Midwood,Bk Community District 14,4015,0.221,25708,0.396,0.32,0.105,0.027,0.151,Jobs & Income,Goal 3: Jobs & Income,Goal 3: Access To Quality Jobs & Income Supports,0.087213119,23,3.583589407,Middle,Job Training And Placement Support,0.917221494,30.0,Number Of Job Training And Placement Programs Per 10000 Unemployed Residents,Jobs With Health Insurance,0.421937294,35.0,Percentage Of The Population That Has Health Insurance Coverage Through Their Current Or Former Employer Or Through Their Union,Labor Force Participation,0.627,33.0,Percent Of The Non-Institutionalized People Age 16 Or Older Who Are Employed Or Looking For Work,Job Quality,30227.64063,39.0,Median Income Of Neighborhood Residents With 5 Or More Years Housing Tenure,Educational Attainment,0.827,6.0,Percentage Of High School Students Who Graduate On Time (Within 4 Years),Public Benefits Utilization,0.77,24.0,Percentage Of People Eligible For Snap Receiving The Benefit,Tax Credit Utilization,0.961,13.0,Percentage Of Eligible Tax Units Claiming Eitc,Adults With High School Diploma,0.831827658,26.0,Percentage Of Adults With A High School Degree Or Equivalent
2020,4016,Brooklyn,Sheepshead Bay Gerritsen Beach & Homecrest,Bk Community District 15,4016,0.194,29307,0.691,0.038,0.159,0.02,0.091,Jobs & Income,Goal 3: Jobs & Income,Goal 3: Access To Quality Jobs & Income Supports,2.171082635,18,4.059021282,Top,Job Training And Placement Support,1.988610037,24.0,Number Of Job Training And Placement Programs Per 10000 Unemployed Residents,Jobs With Health Insurance,0.505352249,21.0,Percentage Of The Population That Has Health Insurance Coverage Through Their Current Or Former Employer Or Through Their Union,Labor Force Participation,0.592,41.0,Percent Of The Non-Institutionalized People Age 16 Or Older Who Are Employed Or Looking For Work,Job Quality,40303.51953,15.0,Median Income Of Neighborhood Residents With 5 Or More Years Housing Tenure,Educational Attainment,0.816,9.0,Percentage Of High School Students Who Graduate On Time (Within 4 Years),Public Benefits Utilization,0.752,25.0,Percentage Of People Eligible For Snap Receiving The Benefit,Tax Credit Utilization,0.942,24.0,Percentage Of Eligible Tax Units Claiming Eitc,Adults With High School Diploma,0.855001484,17.0,Percentage Of Adults With A High School Degree Or Equivalent
2020,4017,Brooklyn,Bensonhurst & Bath Beach,Bk Community District 11,4017,0.23,23329,0.442,0.009,0.391,0.015,0.144,Jobs & Income,Goal 3: Jobs & Income,Goal 3: Access To Quality Jobs & Income Supports,-5.605000832,40,2.284918865,Bottom,Job Training And Placement Support,0.772123977,33.0,Number Of Job Training And Placement Programs Per 10000 Unemployed Residents,Jobs With Health Insurance,0.381637955,41.0,Percentage Of The Population That Has Health Insurance Coverage Through Their Current Or Former Employer Or Through Their Union,Labor Force Participation,0.608,36.0,Percent Of The Non-Institutionalized People Age 16 Or Older Who Are Employed Or Looking For Work,Job Quality,31680.90039,32.0,Median Income Of Neighborhood Residents With 5 Or More Years Housing Tenure,Educational Attainment,0.731,38.0,Percentage Of High School Students Who Graduate On Time (Within 4 Years),Public Benefits Utilization,0.714,30.0,Percentage Of People Eligible For Snap Receiving The Benefit,Tax Credit Utilization,0.943,22.0,Percentage Of Eligible Tax Units Claiming Eitc,Adults With High School Diploma,0.757568207,42.0,Percentage Of Adults With A High School Degree Or Equivalent
2020,4018,Brooklyn,Brighton Beach & Coney Island,Bk Community District 13,4018,0.24,19345,0.575,0.106,0.145,0.025,0.15,Jobs & Income,Goal 3: Jobs & Income,Goal 3: Access To Quality Jobs & Income Supports,-6.456141325,46,2.090732369,Bottom,Job Training And Placement Support,0.979375143,29.0,Number Of Job Training And Placement Programs Per 10000 Unemployed Residents,Jobs With Health Insurance,0.386986351,40.0,Percentage Of The Population That Has Health Insurance Coverage Through Their Current Or Former Employer Or Through Their Union,Labor Force Participation,0.534,54.0,Percent Of The Non-Institutionalized People Age 16 Or Older Who Are Employed Or Looking For Work,Job Quality,35265.57813,22.0,Median Income Of Neighborhood Residents With 5 Or More Years Housing Tenure,Educational Attainment,0.762,26.0,Percentage Of High School Students Who Graduate On Time (Within 4 Years),Public Benefits Utilization,0.804,21.0,Percentage Of People Eligible For Snap Receiving The Benefit,Tax Credit Utilization,0.864,48.0,Percentage Of Eligible Tax Units Claiming Eitc,Adults With High School Diploma,0.807782101,30.0,Percentage Of Adults With A High School Degree Or Equivalent
2020,4101,Queens,Astoria & Long Island City,Qn Community District 1,4101,0.183,31658,0.478,0.063,0.159,0.029,0.272,Jobs & Income,Goal 3: Jobs & Income,Goal 3: Access To Quality Jobs & Income Supports,5.86433284,10,4.901631079,Top,Job Training And Placement Support,7.018620048,8.0,Number Of Job Training And Placement Programs Per 10000 Unemployed Residents,Jobs With Health Insurance,0.505653458,20.0,Percentage Of The Population That Has Health Insurance Coverage Through Their Current Or Former Employer Or Through Their Union,Labor Force Participation,0.705,6.0,Percent Of The Non-Institutionalized People Age 16 Or Older Who Are Employed Or Looking For Work,Job Quality,33792.96094,27.0,Median Income Of Neighborhood Residents With 5 Or More Years Housing Tenure,Educational Attainment,0.836,4.0,Percentage Of High School Students Who Graduate On Time (Within 4 Years),Public Benefits Utilization,0.591,43.0,Percentage Of People Eligible For Snap Receiving The Benefit,Tax Credit Utilization,0.9,40.0,Percentage Of Eligible Tax Units Claiming Eitc,Adults With High School Diploma,0.845116098,20.0,Percentage Of Adults With A High School Degree Or Equivalent
2020,4102,Queens,Jackson Heights & North Corona,Qn Community District 3,4102,0.254,22853,0.1,0.048,0.169,0.015,0.667,Jobs & Income,Goal 3: Jobs & Income,Goal 3: Access To Quality Jobs & Income Supports,-5.171883669,38,2.383733932,Bottom,Job Training And Placement Support,0.0,37.0,Number Of Job Training And Placement Programs Per 10000 Unemployed Residents,Jobs With Health Insurance,0.320526314,46.0,Percentage Of The Population That Has Health Insurance Coverage Through Their Current Or Former Employer Or Through Their Union,Labor Force Participation,0.653,16.0,Percent Of The Non-Institutionalized People Age 16 Or Older Who Are Employed Or Looking For Work,Job Quality,25189.69922,46.0,Median Income Of Neighborhood Residents With 5 Or More Years Housing Tenure,Educational Attainment,0.898,1.0,Percentage Of High School Students Who Graduate On Time (Within 4 Years),Public Benefits Utilization,0.571,44.0,Percentage Of People Eligible For Snap Receiving The Benefit,Tax Credit Utilization,0.771,51.0,Percentage Of Eligible Tax Units Claiming Eitc,Adults With High School Diploma,0.713455772,48.0,Percentage Of Adults With A High School Degree Or Equivalent
2020,4103,Queens,Flushing Murray Hill & Whitestone,Qn Community District 7,4103,0.252,25517,0.256,0.021,0.521,0.025,0.176,Jobs & Income,Goal 3: Jobs & Income,Goal 3: Access To Quality Jobs & Income Supports,-5.277553492,39,2.359625512,Bottom,Job Training And Placement Support,2.332833433,21.0,Number Of Job Training And Placement Programs Per 10000 Unemployed Residents,Jobs With Health Insurance,0.428004723,34.0,Percentage Of The Population That Has Health Insurance Coverage Through Their Current Or Former Employer Or Through Their Union,Labor Force Participation,0.579,47.0,Percent Of The Non-Institutionalized People Age 16 Or Older Who Are Employed Or Looking For Work,Job Quality,35781.96875,21.0,Median Income Of Neighborhood Residents With 5 Or More Years Housing Tenure,Educational Attainment,0.737,35.0,Percentage Of High School Students Who Graduate On Time (Within 4 Years),Public Benefits Utilization,0.405,53.0,Percentage Of People Eligible For Snap Receiving The Benefit,Tax Credit Utilization,0.985,3.0,Percentage Of Eligible Tax Units Claiming Eitc,Adults With High School Diploma,0.78985429,34.0,Percentage Of Adults With A High School Degree Or Equivalent
2020,4104,Queens,Bayside Douglaston & Little Neck,Qn Community District 11,4104,0.135,37432,0.413,0.018,0.427,0.024,0.118,Jobs & Income,Goal 3: Jobs & Income,Goal 3: Access To Quality Jobs & Income Supports,4.634140738,11,4.620964496,Top,Job Training And Placement Support,0.0,37.0,Number Of Job Training And Placement Programs Per 10000 Unemployed Residents,Jobs With Health Insurance,0.61341629,10.0,Percentage Of The Population That Has Health Insurance Coverage Through Their Current Or Former Employer Or Through Their Union,Labor Force Participation,0.628,31.0,Percent Of The Non-Institutionalized People Age 16 Or Older Who Are Employed Or Looking For Work,Job Quality,42938.36328,10.0,Median Income Of Neighborhood Residents With 5 Or More Years Housing Tenure,Educational Attainment,0.88,2.0,Percentage Of High School Students Who Graduate On Time (Within 4 Years),Public Benefits Utilization,0.338,55.0,Percentage Of People Eligible For Snap Receiving The Benefit,Tax Credit Utilization,0.888,45.0,Percentage Of Eligible Tax Units Claiming Eitc,Adults With High School Diploma,0.883561644,10.0,Percentage Of Adults With A High School Degree Or Equivalent
2020,4105,Queens,Queens Village Cambria Heights & Rosedale,Qn Community District 13,4105,0.132,32961,0.117,0.561,0.15,0.055,0.117,Jobs & Income,Goal 3: Jobs & Income,Goal 3: Access To Quality Jobs & Income Supports,3.031628198,16,4.255353532,Top,Job Training And Placement Support,0.0,37.0,Number Of Job Training And Placement Programs Per 10000 Unemployed Residents,Jobs With Health Insurance,0.616866798,9.0,Percentage Of The Population That Has Health Insurance Coverage Through Their Current Or Former Employer Or Through Their Union,Labor Force Participation,0.645,23.0,Percent Of The Non-Institutionalized People Age 16 Or Older Who Are Employed Or Looking For Work,Job Quality,39542.72266,17.0,Median Income Of Neighborhood Residents With 5 Or More Years Housing Tenure,Educational Attainment,0.747,33.0,Percentage Of High School Students Who Graduate On Time (Within 4 Years),Public Benefits Utilization,0.667,34.0,Percentage Of People Eligible For Snap Receiving The Benefit,Tax Credit Utilization,0.919,33.0,Percentage Of Eligible Tax Units Claiming Eitc,Adults With High School Diploma,0.865880197,14.0,Percentage Of Adults With A High School Degree Or Equivalent
2020,4106,Queens,Briarwood Fresh Meadows & Hillcrest,Qn Community District 8,4106,0.22,30239,0.316,0.114,0.339,0.044,0.186,Jobs & Income,Goal 3: Jobs & Income,Goal 3: Access To Quality Jobs & Income Supports,2.33823583,17,4.097157046,Top,Job Training And Placement Support,2.485770414,19.0,Number Of Job Training And Placement Programs Per 10000 Unemployed Residents,Jobs With Health Insurance,0.523866386,16.0,Percentage Of The Population That Has Health Insurance Coverage Through Their Current Or Former Employer Or Through Their Union,Labor Force Participation,0.628,31.0,Percent Of The Non-Institutionalized People Age 16 Or Older Who Are Employed Or Looking For Work,Job Quality,37312.10938,20.0,Median Income Of Neighborhood Residents With 5 Or More Years Housing Tenure,Educational Attainment,0.798,13.0,Percentage Of High School Students Who Graduate On Time (Within 4 Years),Public Benefits Utilization,0.51,49.0,Percentage Of People Eligible For Snap Receiving The Benefit,Tax Credit Utilization,0.993,2.0,Percentage Of Eligible Tax Units Claiming Eitc,Adults With High School Diploma,0.866351916,13.0,Percentage Of Adults With A High School Degree Or Equivalent
2020,4107,Queens,Elmhurst & South Corona,Qn Community District 4,4107,0.271,21889,0.063,0.079,0.332,0.019,0.507,Jobs & Income,Goal 3: Jobs & Income,Goal 3: Access To Quality Jobs & Income Supports,-6.938572143,48,1.980666462,Bottom,Job Training And Placement Support,0.0,37.0,Number Of Job Training And Placement Programs Per 10000 Unemployed Residents,Jobs With Health Insurance,0.303700943,49.0,Percentage Of The Population That Has Health Insurance Coverage Through Their Current Or Former Employer Or Through Their Union,Labor Force Participation,0.64,27.0,Percent Of The Non-Institutionalized People Age 16 Or Older Who Are Employed Or Looking For Work,Job Quality,24293.17773,49.0,Median Income Of Neighborhood Residents With 5 Or More Years Housing Tenure,Educational Attainment,0.783,17.0,Percentage Of High School Students Who Graduate On Time (Within 4 Years),Public Benefits Utilization,0.668,33.0,Percentage Of People Eligible For Snap Receiving The Benefit,Tax Credit Utilization,0.929,30.0,Percentage Of Eligible Tax Units Claiming Eitc,Adults With High School Diploma,0.718200101,46.0,Percentage Of Adults With A High School Degree Or Equivalent
2020,4108,Queens,Forest Hills & Rego Park,Qn Community District 6,4108,0.163,41029,0.512,0.029,0.272,0.031,0.157,Jobs & Income,Goal 3: Jobs & Income,Goal 3: Access To Quality Jobs & Income Supports,8.005706707,8,5.390182491,Top,Job Training And Placement Support,5.474301712,11.0,Number Of Job Training And Placement Programs Per 10000 Unemployed Residents,Jobs With Health Insurance,0.593515587,12.0,Percentage Of The Population That Has Health Insurance Coverage Through Their Current Or Former Employer Or Through Their Union,Labor Force Participation,0.644,24.0,Percent Of The Non-Institutionalized People Age 16 Or Older Who Are Employed Or Looking For Work,Job Quality,51117.10156,7.0,Median Income Of Neighborhood Residents With 5 Or More Years Housing Tenure,Educational Attainment,0.805,12.0,Percentage Of High School Students Who Graduate On Time (Within 4 Years),Public Benefits Utilization,0.62,41.0,Percentage Of People Eligible For Snap Receiving The Benefit,Tax Credit Utilization,0.917,36.0,Percentage Of Eligible Tax Units Claiming Eitc,Adults With High School Diploma,0.911013011,8.0,Percentage Of Adults With A High School Degree Or Equivalent
2020,4109,Queens,Sunnyside & Woodside,Qn Community District 2,4109,0.204,31245,0.281,0.013,0.352,0.023,0.332,Jobs & Income,Goal 3: Jobs & Income,Goal 3: Access To Quality Jobs & Income Supports,0.353019045,22,3.644232652,Middle,Job Training And Placement Support,1.554320389,25.0,Number Of Job Training And Placement Programs Per 10000 Unemployed Residents,Jobs With Health Insurance,0.433314629,32.0,Percentage Of The Population That Has Health Insurance Coverage Through Their Current Or Former Employer Or Through Their Union,Labor Force Participation,0.686,11.0,Percent Of The Non-Institutionalized People Age 16 Or Older Who Are Employed Or Looking For Work,Job Quality,30413.66406,38.0,Median Income Of Neighborhood Residents With 5 Or More Years Housing Tenure,Educational Attainment,0.816,9.0,Percentage Of High School Students Who Graduate On Time (Within 4 Years),Public Benefits Utilization,0.433,52.0,Percentage Of People Eligible For Snap Receiving The Benefit,Tax Credit Utilization,0.971,7.0,Percentage Of Eligible Tax Units Claiming Eitc,Adults With High School Diploma,0.824714984,29.0,Percentage Of Adults With A High School Degree Or Equivalent
2020,4110,Queens,Ridgewood Glendale & Middle Village,Qn Community District 5,4110,0.186,31420,0.531,0.015,0.084,0.013,0.358,Jobs & Income,Goal 3: Jobs & Income,Goal 3: Access To Quality Jobs & Income Supports,0.007029487,24,3.565295625,Middle,Job Training And Placement Support,0.0,37.0,Number Of Job Training And Placement Programs Per 10000 Unemployed Residents,Jobs With Health Insurance,0.517958069,18.0,Percentage Of The Population That Has Health Insurance Coverage Through Their Current Or Former Employer Or Through Their Union,Labor Force Participation,0.651,18.0,Percent Of The Non-Institutionalized People Age 16 Or Older Who Are Employed Or Looking For Work,Job Quality,38021.85156,18.0,Median Income Of Neighborhood Residents With 5 Or More Years Housing Tenure,Educational Attainment,0.707,42.0,Percentage Of High School Students Who Graduate On Time (Within 4 Years),Public Benefits Utilization,0.666,35.0,Percentage Of People Eligible For Snap Receiving The Benefit,Tax Credit Utilization,0.973,5.0,Percentage Of Eligible Tax Units Claiming Eitc,Adults With High School Diploma,0.840171384,22.0,Percentage Of Adults With A High School Degree Or Equivalent
2020,4111,Queens,Richmond Hill & Woodhaven,Qn Community District 9,4111,0.219,26357,0.179,0.058,0.263,0.081,0.418,Jobs & Income,Goal 3: Jobs & Income,Goal 3: Access To Quality Jobs & Income Supports,-2.043753776,31,3.097412331,Middle,Job Training And Placement Support,0.0,37.0,Number Of Job Training And Placement Programs Per 10000 Unemployed Residents,Jobs With Health Insurance,0.440856552,31.0,Percentage Of The Population That Has Health Insurance Coverage Through Their Current Or Former Employer Or Through Their Union,Labor Force Participation,0.652,17.0,Percent Of The Non-Institutionalized People Age 16 Or Older Who Are Employed Or Looking For Work,Job Quality,31692.60156,31.0,Median Income Of Neighborhood Residents With 5 Or More Years Housing Tenure,Educational Attainment,0.757,29.0,Percentage Of High School Students Who Graduate On Time (Within 4 Years),Public Benefits Utilization,0.657,40.0,Percentage Of People Eligible For Snap Receiving The Benefit,Tax Credit Utilization,0.963,12.0,Percentage Of Eligible Tax Units Claiming Eitc,Adults With High School Diploma,0.778831404,37.0,Percentage Of Adults With A High School Degree Or Equivalent
2020,4112,Queens,Jamaica Hollis & St. Albans,Qn Community District 12,4112,0.204,25946,0.017,0.621,0.116,0.077,0.169,Jobs & Income,Goal 3: Jobs & Income,Goal 3: Access To Quality Jobs & Income Supports,-0.319418853,27,3.490816899,Middle,Job Training And Placement Support,0.435324569,36.0,Number Of Job Training And Placement Programs Per 10000 Unemployed Residents,Jobs With Health Insurance,0.447616081,30.0,Percentage Of The Population That Has Health Insurance Coverage Through Their Current Or Former Employer Or Through Their Union,Labor Force Participation,0.67,12.0,Percent Of The Non-Institutionalized People Age 16 Or Older Who Are Employed Or Looking For Work,Job Quality,31145.09961,33.0,Median Income Of Neighborhood Residents With 5 Or More Years Housing Tenure,Educational Attainment,0.771,22.0,Percentage Of High School Students Who Graduate On Time (Within 4 Years),Public Benefits Utilization,0.74,26.0,Percentage Of People Eligible For Snap Receiving The Benefit,Tax Credit Utilization,0.935,26.0,Percentage Of Eligible Tax Units Claiming Eitc,Adults With High School Diploma,0.804251269,32.0,Percentage Of Adults With A High School Degree Or Equivalent
2020,4113,Queens,Howard Beach & Ozone Park,Qn Community District 10,4113,0.189,27016,0.216,0.151,0.21,0.166,0.257,Jobs & Income,Goal 3: Jobs & Income,Goal 3: Access To Quality Jobs & Income Supports,-0.636104272,28,3.41856557,Middle,Job Training And Placement Support,0.0,37.0,Number Of Job Training And Placement Programs Per 10000 Unemployed Residents,Jobs With Health Insurance,0.501305237,22.0,Percentage Of The Population That Has Health Insurance Coverage Through Their Current Or Former Employer Or Through Their Union,Labor Force Participation,0.644,24.0,Percent Of The Non-Institutionalized People Age 16 Or Older Who Are Employed Or Looking For Work,Job Quality,35265.57813,22.0,Median Income Of Neighborhood Residents With 5 Or More Years Housing Tenure,Educational Attainment,0.794,14.0,Percentage Of High School Students Who Graduate On Time (Within 4 Years),Public Benefits Utilization,0.558,45.0,Percentage Of People Eligible For Snap Receiving The Benefit,Tax Credit Utilization,0.911,39.0,Percentage Of Eligible Tax Units Claiming Eitc,Adults With High School Diploma,0.775922834,39.0,Percentage Of Adults With A High School Degree Or Equivalent
2020,4114,Queens,Far Rockaway Breezy Point & Broad Channel,Qn Community District 14,4114,0.179,25920,0.35,0.353,0.039,0.022,0.235,Jobs & Income,Goal 3: Jobs & Income,Goal 3: Access To Quality Jobs & Income Supports,-1.276370783,30,3.272489673,Middle,Job Training And Placement Support,3.528325041,16.0,Number Of Job Training And Placement Programs Per 10000 Unemployed Residents,Jobs With Health Insurance,0.449647675,29.0,Percentage Of The Population That Has Health Insurance Coverage Through Their Current Or Former Employer Or Through Their Union,Labor Force Participation,0.58,46.0,Percent Of The Non-Institutionalized People Age 16 Or Older Who Are Employed Or Looking For Work,Job Quality,35265.57813,22.0,Median Income Of Neighborhood Residents With 5 Or More Years Housing Tenure,Educational Attainment,0.774,20.0,Percentage Of High School Students Who Graduate On Time (Within 4 Years),Public Benefits Utilization,0.843,15.0,Percentage Of People Eligible For Snap Receiving The Benefit,Tax Credit Utilization,0.936,25.0,Percentage Of Eligible Tax Units Claiming Eitc,Adults With High School Diploma,0.790882353,33.0,Percentage Of Adults With A High School Degree Or Equivalent
